{
  "model": "LogisticRegression",
  "acc": 0.8524590163934426,
  "precision": 0.8529411764705882,
  "recall": 0.8787878787878788,
  "f1": 0.8656716417910447,
  "roc_auc": 0.9036796536796537,
  "pr_auc": 0.9224311237099141
}