{
  "C_FN": 5.0,
  "C_FP": 1.0,
  "best_threshold": 0.45,
  "best_cost": 16.0,
  "metrics_at_best": {
    "precision": 0.8378378378378378,
    "recall": 0.9393939393939394,
    "f1": 0.8857142857142858,
    "tp": 31,
    "fp": 6,
    "tn": 22,
    "fn": 2
  }
}